Workbook

Sheet Sheet1
A1: Project_ID | B1: Environment | C1: Account_ID | D1: Department | E1: Application | F1: Number_of_Servers | G1: Usage_Cost | H1: Incident_Tickets_Opened | I1: Incident_Tickets_Closed | J1: Avg_Resolution_Time_Hours | K1: Region | L1: Region_Clean | M1: Cloud_Provider | N1: Project_Start_Date | O1: Project_End_Date | P1: Compliance_Flag | Q1: SLA_Breach_Count | R1: Security_Alerts | S1: Resource_Utilization_Percent | T1: Reserved_Instance_Usage | U1: Tagging_Completeness | V1: Budget_Allocated | W1: Budget_Consumed | X1: Budget_Utilization | Y1: Over_Budget_Flag | Z1: Cost_Anomaly_Flag | AA1: Project_Name | AB1: Date
A2: PRJ100000 | F2: 964 | G2: 1756.5 | H2: 76 | I2: 76 | J2: 5.29 | K2: Europe-West | L2: =IF(OR(K2="Europe-West",K2="EU_West",K2="eu-west"),"EU-West", IF(OR(K2="US_East",K2="us-east",K2="US-East"),"US-East","Other")) -> EU-West | Q2: 0 | R2: 13 | S2: 60.85 | T2: 59.75 | U2: 92.89 | V2: 1782.4906 | W2: 1934.0018 | X2: =W2/V2 -> 1.0849997 | Y2: =IF(X2>1,"Over Budget","OK") -> Over Budget | AA2: CloudProject_0 | AB2: 45687.218
A3: PRJ100001 | F3: 962 | G3: 1719.6 | H3: 26 | I3: 30 | J3: 25.1 | K3: US_East | L3: =IF(OR(K3="Europe-West",K3="EU_West",K3="eu-west"),"EU-West", IF(OR(K3="US_East",K3="us-east",K3="US-East"),"US-East","Other")) -> US-East | Q3: 30 | R3: 33 | S3: 67.37 | T3: 68.63 | U3: 99 | V3: 2047.1372 | W3: 1566.6114 | X3: =W3/V3 -> 0.76526937 | Y3: =IF(X3>1,"Over Budget","OK") -> OK | AA3: CloudProject_1 | AB3: 45583.887
A4: PRJ100002 | F4: 870 | G4: 1815.63 | H4: 74 | I4: 71 | J4: 13.21 | K4: us-east | L4: =IF(OR(K4="Europe-West",K4="EU_West",K4="eu-west"),"EU-West", IF(OR(K4="US_East",K4="us-east",K4="US-East"),"US-East","Other")) -> US-East | Q4: 20 | R4: 1 | S4: 93 | T4: 60.42 | U4: 95.91 | V4: 2185.5958 | W4: 1719.7018 | X4: =W4/V4 -> 0.78683431 | Y4: =IF(X4>1,"Over Budget","OK") -> OK | AA4: CloudProject_2 | AB4: 45585.36
A5: PRJ100003 | F5: 136 | G5: 1686.22 | H5: 95 | I5: 93 | J5: 8.95 | K5: us-east | L5: =IF(OR(K5="Europe-West",K5="EU_West",K5="eu-west"),"EU-West", IF(OR(K5="US_East",K5="us-east",K5="US-East"),"US-East","Other")) -> US-East | Q5: 20 | R5: 19 | S5: 76.23 | T5: 58.59 | U5: 86.56 | V5: 2095.2212 | W5: 1764.7533 | X5: =W5/V5 -> 0.8422754 | Y5: =IF(X5>1,"Over Budget","OK") -> OK | AA5: CloudProject_3 | AB5: 45171.002
A6: PRJ100004 | F6: 255 | G6: 2375.35 | H6: 66 | I6: 63 | J6: 24.27 | K6: US-East | L6: =IF(OR(K6="Europe-West",K6="EU_West",K6="eu-west"),"EU-West", IF(OR(K6="US_East",K6="us-east",K6="US-East"),"US-East","Other")) -> US-East | Q6: 10 | R6: 41 | S6: 48.28 | T6: 59.47 | U6: 90.57 | V6: 3169.9177 | W6: 2295.6711 | X6: =W6/V6 -> 0.72420527 | Y6: =IF(X6>1,"Over Budget","OK") -> OK | AA6: CloudProject_4 | AB6: 45081.11
A7: PRJ100005 | F7: 833 | G7: 1734.76 | H7: 48 | I7: 45 | J7: 11.96 | K7: Europe-West | L7: =IF(OR(K7="Europe-West",K7="EU_West",K7="eu-west"),"EU-West", IF(OR(K7="US_East",K7="us-east",K7="US-East"),"US-East","Other")) -> EU-West | Q7: 0 | R7: 15 | S7: 42.53 | T7: 38.82 | U7: 97.61 | V7: 2055.4189 | W7: 1736.8723 | X7: =W7/V7 -> 0.84502108 | Y7: =IF(X7>1,"Over Budget","OK") -> OK | AA7: CloudProject_5 | AB7: 45341.224
A8: PRJ100006 | F8: 243 | G8: 1419.23 | H8: 1 | I8: 2 | J8: 32.31 | K8: Europe-West | L8: =IF(OR(K8="Europe-West",K8="EU_West",K8="eu-west"),"EU-West", IF(OR(K8="US_East",K8="us-east",K8="US-East"),"US-East","Other")) -> EU-West | Q8: 30 | R8: 2 | S8: 71.41 | T8: 58.41 | U8: 92.62 | V8: 1570.4753 | W8: 1531.7286 | X8: =W8/V8 -> 0.97532806 | Y8: =IF(X8>1,"Over Budget","OK") -> OK | AA8: CloudProject_6 | AB8: 45236.442
A9: PRJ100007 | F9: 676 | G9: 1565.75 | H9: 93 | I9: 92 | J9: 21.25 | K9: us-east | L9: =IF(OR(K9="Europe-West",K9="EU_West",K9="eu-west"),"EU-West", IF(OR(K9="US_East",K9="us-east",K9="US-East"),"US-East","Other")) -> US-East | Q9: 0 | R9: 45 | S9: 100 | T9: 49.35 | U9: 95.05 | V9: 2258.4948 | W9: 1545.2392 | X9: =W9/V9 -> 0.68418984 | Y9: =IF(X9>1,"Over Budget","OK") -> OK | AA9: CloudProject_7 | AB9: 45293.117
A10: PRJ100008 | F10: 594 | G10: 1841.7 | H10: 59 | I10: 58 | J10: 18.38 | K10: us-east | L10: =IF(OR(K10="Europe-West",K10="EU_West",K10="eu-west"),"EU-West", IF(OR(K10="US_East",K10="us-east",K10="US-East"),"US-East","Other")) -> US-East | Q10: 0 | R10: 29 | S10: 90.34 | T10: 57.93 | U10: 93.26 | V10: 2745.0894 | W10: 1614.0436 | X10: =W10/V10 -> 0.58797488 | Y10: =IF(X10>1,"Over Budget","OK") -> OK | AA10: CloudProject_8 | AB10: 45815.164
A11: PRJ100009 | F11: 940 | G11: 1895.44 | H11: 65 | I11: 61 | J11: 13.43 | K11: Europe-West | L11: =IF(OR(K11="Europe-West",K11="EU_West",K11="eu-west"),"EU-West", IF(OR(K11="US_East",K11="us-east",K11="US-East"),"US-East","Other")) -> EU-West | Q11: 0 | R11: 22 | T11: 59.76 | U11: 90.38 | V11: 1914.4083 | W11: 1911.0387 | X11: =W11/V11 -> 0.99823984 | Y11: =IF(X11>1,"Over Budget","OK") -> OK | AA11: CloudProject_9 | AB11: 44984.656
A12: PRJ100010 | F12: 448 | G12: 2405.74 | H12: 58 | I12: 55 | J12: 21.72 | K12: us-east | L12: =IF(OR(K12="Europe-West",K12="EU_West",K12="eu-west"),"EU-West", IF(OR(K12="US_East",K12="us-east",K12="US-East"),"US-East","Other")) -> US-East | Q12: 0 | R12: 38 | S12: 81.78 | T12: 64.59 | U12: 89.65 | V12: 3063.0686 | W12: 2267.2831 | X12: =W12/V12 -> 0.74019993 | Y12: =IF(X12>1,"Over Budget","OK") -> OK | AA12: CloudProject_10 | AB12: 45088.497
A13: PRJ100011 | F13: 146 | G13: 1876.17 | H13: 92 | I13: 89 | J13: 7.27 | K13: EU_West | L13: =IF(OR(K13="Europe-West",K13="EU_West",K13="eu-west"),"EU-West", IF(OR(K13="US_East",K13="us-east",K13="US-East"),"US-East","Other")) -> EU-West | Q13: 0 | R13: 22 | S13: 82.91 | T13: 80.14 | U13: 83.95 | V13: 2196.7159 | W13: 1719.1227 | X13: =W13/V13 -> 0.78258766 | Y13: =IF(X13>1,"Over Budget","OK") -> OK | AA13: CloudProject_11 | AB13: 45918.354
A14: PRJ100012 | F14: 795 | G14: 2047.55 | H14: 59 | I14: 59 | J14: 1 | K14: us-east | L14: =IF(OR(K14="Europe-West",K14="EU_West",K14="eu-west"),"EU-West", IF(OR(K14="US_East",K14="us-east",K14="US-East"),"US-East","Other")) -> US-East | Q14: 0 | R14: 2 | S14: 45.47 | T14: 73.45 | U14: 86.17 | V14: 2331.125 | W14: 1906.7675 | X14: =W14/V14 -> 0.8179602 | Y14: =IF(X14>1,"Over Budget","OK") -> OK | AA14: CloudProject_12 | AB14: 44979.331
A15: PRJ100013 | F15: 565 | G15: 1781.63 | H15: 21 | I15: 24 | J15: 7.57 | K15: US-East | L15: =IF(OR(K15="Europe-West",K15="EU_West",K15="eu-west"),"EU-West", IF(OR(K15="US_East",K15="us-east",K15="US-East"),"US-East","Other")) -> US-East | Q15: 10 | R15: 12 | S15: 73.12 | T15: 59.89 | V15: 2080.6823 | W15: 1738.1598 | X15: =W15/V15 -> 0.83537973 | Y15: =IF(X15>1,"Over Budget","OK") -> OK | AA15: CloudProject_13 | AB15: 44965.713
A16: PRJ100014 | F16: 768 | H16: 88 | I16: 86 | J16: 29.1 | K16: eu-west | L16: =IF(OR(K16="Europe-West",K16="EU_West",K16="eu-west"),"EU-West", IF(OR(K16="US_East",K16="us-east",K16="US-East"),"US-East","Other")) -> EU-West | Q16: 20 | R16: 45 | S16: 89.7 | T16: 65.59 | U16: 88.24 | V16: 2733.4815 | W16: 2392.0786 | X16: =W16/V16 -> 0.87510326 | Y16: =IF(X16>1,"Over Budget","OK") -> OK | AA16: CloudProject_14 | AB16: 45816.971
A17: PRJ100015 | F17: 158 | G17: 1395.58 | H17: 45 | I17: 50 | J17: 12.61 | K17: us-east | L17: =IF(OR(K17="Europe-West",K17="EU_West",K17="eu-west"),"EU-West", IF(OR(K17="US_East",K17="us-east",K17="US-East"),"US-East","Other")) -> US-East | Q17: 30 | R17: 39 | S17: 100 | T17: 56 | U17: 90.5 | V17: 1528.6597 | W17: 1526.2382 | X17: =W17/V17 -> 0.99841589 | Y17: =IF(X17>1,"Over Budget","OK") -> OK | AA17: CloudProject_15 | AB17: 45278.268
A18: PRJ100016 | F18: 65 | H18: 52 | I18: 48 | J18: 8.52 | K18: EU_West | L18: =IF(OR(K18="Europe-West",K18="EU_West",K18="eu-west"),"EU-West", IF(OR(K18="US_East",K18="us-east",K18="US-East"),"US-East","Other")) -> EU-West | Q18: 0 | R18: 28 | S18: 77.59 | T18: 61.92 | U18: 89.46 | V18: 3039.6867 | W18: 2227.2332 | X18: =W18/V18 -> 0.73271803 | Y18: =IF(X18>1,"Over Budget","OK") -> OK | AA18: CloudProject_16 | AB18: 45423.066
A19: PRJ100017 | F19: 697 | G19: 1829.27 | H19: 18 | I19: 20 | J19: 19.29 | K19: US-East | L19: =IF(OR(K19="Europe-West",K19="EU_West",K19="eu-west"),"EU-West", IF(OR(K19="US_East",K19="us-east",K19="US-East"),"US-East","Other")) -> US-East | Q19: 0 | R19: 22 | S19: 49.62 | T19: 62.14 | U19: 91.08 | V19: 2255.5947 | W19: 1808.2409 | X19: =W19/V19 -> 0.80166924 | Y19: =IF(X19>1,"Over Budget","OK") -> OK | AA19: CloudProject_17 | AB19: 45826.9
A20: PRJ100018 | F20: 365 | G20: 2436.87 | H20: 48 | I20: 44 | J20: 37.8 | K20: EU_West | L20: =IF(OR(K20="Europe-West",K20="EU_West",K20="eu-west"),"EU-West", IF(OR(K20="US_East",K20="us-east",K20="US-East"),"US-East","Other")) -> EU-West | Q20: 0 | R20: 39 | S20: 78.57 | T20: 50.2 | U20: 93.32 | V20: 2833.5642 | W20: 1951.2797 | X20: =W20/V20 -> 0.68863085 | Y20: =IF(X20>1,"Over Budget","OK") -> OK | AA20: CloudProject_18 | AB20: 45647.494
A21: PRJ100019 | F21: 266 | G21: 2484.81 | H21: 79 | I21: 83 | J21: 28.74 | K21: eu-west | L21: =IF(OR(K21="Europe-West",K21="EU_West",K21="eu-west"),"EU-West", IF(OR(K21="US_East",K21="us-east",K21="US-East"),"US-East","Other")) -> EU-West | Q21: 30 | R21: 16 | S21: 78.32 | T21: 55.39 | U21: 87.92 | V21: 3435.91 | W21: 2326.3295 | X21: =W21/V21 -> 0.67706359 | Y21: =IF(X21>1,"Over Budget","OK") -> OK | AA21: CloudProject_19 | AB21: 45693.317
A22: PRJ100020 | F22: 932 | G22: 2142.36 | H22: 16 | I22: 17 | J22: 13.6 | K22: US_East | L22: =IF(OR(K22="Europe-West",K22="EU_West",K22="eu-west"),"EU-West", IF(OR(K22="US_East",K22="us-east",K22="US-East"),"US-East","Other")) -> US-East | Q22: 10 | R22: 20 | S22: 83.04 | T22: 43.03 | U22: 93.69 | V22: 2159.8702 | W22: 2410.748 | X22: =W22/V22 -> 1.1161541 | Y22: =IF(X22>1,"Over Budget","OK") -> Over Budget | AA22: CloudProject_20 | AB22: 45468.576
A23: PRJ100021 | F23: 822 | G23: 1784.14 | H23: 26 | I23: 25 | J23: 13.45 | K23: eu-west | L23: =IF(OR(K23="Europe-West",K23="EU_West",K23="eu-west"),"EU-West", IF(OR(K23="US_East",K23="us-east",K23="US-East"),"US-East","Other")) -> EU-West | Q23: 10 | R23: 28 | S23: 76.1 | T23: 58.25 | U23: 95.69 | V23: 2169.383 | W23: 1704.3325 | X23: =W23/V23 -> 0.78563007 | Y23: =IF(X23>1,"Over Budget","OK") -> OK | AA23: CloudProject_21 | AB23: 45175.826
A24: PRJ100022 | F24: 72 | G24: 1805.56 | H24: 18 | I24: 23 | J24: 13.63 | K24: US-East | L24: =IF(OR(K24="Europe-West",K24="EU_West",K24="eu-west"),"EU-West", IF(OR(K24="US_East",K24="us-east",K24="US-East"),"US-East","Other")) -> US-East | Q24: 0 | R24: 36 | S24: 97.9 | T24: 59.64 | U24: 92.08 | V24: 2126.321 | W24: 1851.6517 | X24: =W24/V24 -> 0.87082417 | Y24: =IF(X24>1,"Over Budget","OK") -> OK | AA24: CloudProject_22 | AB24: 45624.005
A25: PRJ100023 | F25: 835 | G25: 1570 | H25: 29 | I25: 31 | J25: 12.72 | K25: eu-west | L25: =IF(OR(K25="Europe-West",K25="EU_West",K25="eu-west"),"EU-West", IF(OR(K25="US_East",K25="us-east",K25="US-East"),"US-East","Other")) -> EU-West | Q25: 0 | R25: 4 | S25: 72.85 | T25: 59.27 | U25: 87.28 | V25: 1840.3816 | W25: 1388.2629 | X25: =W25/V25 -> 0.75433426 | Y25: =IF(X25>1,"Over Budget","OK") -> OK | AA25: CloudProject_23 | AB25: 45850.119
A26: PRJ100024 | F26: 945 | G26: 1858.43 | H26: 77 | I26: 80 | J26: 24.35 | K26: us-east | L26: =IF(OR(K26="Europe-West",K26="EU_West",K26="eu-west"),"EU-West", IF(OR(K26="US_East",K26="us-east",K26="US-East"),"US-East","Other")) -> US-East | Q26: 0 | R26: 20 | S26: 70.89 | T26: 49.99 | U26: 94.73 | V26: 2171.6418 | W26: 2167.567 | X26: =W26/V26 -> 0.99812365 | Y26: =IF(X26>1,"Over Budget","OK") -> OK | AA26: CloudProject_24 | AB26: 45122.161
A27: PRJ100025 | F27: 72 | G27: 1459.28 | H27: 45 | I27: 47 | J27: 17.31 | K27: us-east | L27: =IF(OR(K27="Europe-West",K27="EU_West",K27="eu-west"),"EU-West", IF(OR(K27="US_East",K27="us-east",K27="US-East"),"US-East","Other")) -> US-East | Q27: 30 | R27: 1 | S27: 66.07 | T27: 59.2 | U27: 92.41 | V27: 1482.0968 | W27: 1706.2897 | X27: =W27/V27 -> 1.1512673 | Y27: =IF(X27>1,"Over Budget","OK") -> Over Budget | AA27: CloudProject_25 | AB27: 45532.162
A28: PRJ100026 | F28: 815 | G28: 1850.97 | H28: 63 | I28: 63 | J28: 11.09 | K28: Europe-West | L28: =IF(OR(K28="Europe-West",K28="EU_West",K28="eu-west"),"EU-West", IF(OR(K28="US_East",K28="us-east",K28="US-East"),"US-East","Other")) -> EU-West | Q28: 0 | R28: 22 | S28: 71.46 | T28: 61.62 | U28: 93.09 | V28: 1991.7514 | W28: 1588.9248 | X28: =W28/V28 -> 0.79775253 | Y28: =IF(X28>1,"Over Budget","OK") -> OK | AA28: CloudProject_26 | AB28: 45297.938
A29: PRJ100027 | F29: 38 | G29: 2406.42 | H29: 31 | I29: 27 | J29: 9.31 | K29: EU_West | L29: =IF(OR(K29="Europe-West",K29="EU_West",K29="eu-west"),"EU-West", IF(OR(K29="US_East",K29="us-east",K29="US-East"),"US-East","Other")) -> EU-West | Q29: 40 | R29: 10 | S29: 74.19 | T29: 64.62 | U29: 97.68 | V29: 2577.1376 | W29: 2622.1882 | X29: =W29/V29 -> 1.0174809 | Y29: =IF(X29>1,"Over Budget","OK") -> Over Budget | AA29: CloudProject_27 | AB29: 45634.598
A30: PRJ100028 | F30: 561 | G30: 1750.54 | H30: 52 | I30: 52 | J30: 38.41 | K30: US-East | L30: =IF(OR(K30="Europe-West",K30="EU_West",K30="eu-west"),"EU-West", IF(OR(K30="US_East",K30="us-east",K30="US-East"),"US-East","Other")) -> US-East | Q30: 40 | R30: 14 | S30: 71.84 | T30: 62.68 | U30: 93.55 | V30: 2615.8411 | W30: 1453.1152 | X30: =W30/V30 -> 0.55550591 | Y30: =IF(X30>1,"Over Budget","OK") -> OK | AA30: CloudProject_28 | AB30: 45646.849
... A38: PRJ100036 | F38: 150 | G38: 1775.5 | H38: 78 | I38: 80 | J38: 12.46 | K38: eu-west | L38: =IF(OR(K38="Europe-West",K38="EU_West",K38="eu-west"),"EU-West", IF(OR(K38="US_East",K38="us-east",K38="US-East"),"US-East","Other")) -> EU-West | Q38: 10 | R38: 43 | S38: 70.74 | T38: 67.22 | U38: 90.44 | V38: 1897.8346 | W38: 1846.0766 | X38: =W38/V38 -> 0.97272784 | Y38: =IF(X38>1,"Over Budget","OK") -> OK | AA38: CloudProject_36 | AB38: 45492.978
A39: PRJ100037 | F39: 935 | G39: 1452.65 | H39: 31 | I39: 30 | J39: 21.03 | K39: US_East | L39: =IF(OR(K39="Europe-West",K39="EU_West",K39="eu-west"),"EU-West", IF(OR(K39="US_East",K39="us-east",K39="US-East"),"US-East","Other")) -> US-East | Q39: 0 | R39: 5 | T39: 69.32 | U39: 96.01 | V39: 1940.1493 | W39: 1297.4478 | X39: =W39/V39 -> 0.6687361 | Y39: =IF(X39>1,"Over Budget","OK") -> OK | AA39: CloudProject_37 | AB39: 45160.725
A40: PRJ100038 | F40: 516 | G40: 1665.36 | H40: 90 | I40: 94 | J40: 6.01 | K40: eu-west | L40: =IF(OR(K40="Europe-West",K40="EU_West",K40="eu-west"),"EU-West", IF(OR(K40="US_East",K40="us-east",K40="US-East"),"US-East","Other")) -> EU-West | Q40: 10 | R40: 15 | S40: 78.65 | T40: 51.52 | U40: 93.31 | V40: 2480.7007 | W40: 1508.1606 | X40: =W40/V40 -> 0.6079575 | Y40: =IF(X40>1,"Over Budget","OK") -> OK | AA40: CloudProject_38 | AB40: 44966.182
A41: PRJ100039 | F41: 570 | G41: 2461.62 | H41: 51 | I41: 55 | J41: 16.99 | K41: US-East | L41: =IF(OR(K41="Europe-West",K41="EU_West",K41="eu-west"),"EU-West", IF(OR(K41="US_East",K41="us-east",K41="US-East"),"US-East","Other")) -> US-East | Q41: 0 | R41: 1 | S41: 74.87 | T41: 79.25 | U41: 83.55 | V41: 3116.3773 | W41: 2830.0461 | X41: =W41/V41 -> 0.90812049 | Y41: =IF(X41>1,"Over Budget","OK") -> OK | AA41: CloudProject_39 | AB41: 45444.807
A42: PRJ100040 | F42: 508 | G42: 2411.55 | H42: 0 | I42: -1 | J42: 30.68 | K42: us-east | L42: =IF(OR(K42="Europe-West",K42="EU_West",K42="eu-west"),"EU-West", IF(OR(K42="US_East",K42="us-east",K42="US-East"),"US-East","Other")) -> US-East | Q42: 0 | R42: 31 | S42: 70.05 | T42: 52.93 | U42: 85.92 | V42: 2669.6879 | W42: 2039.5209 | X42: =W42/V42 -> 0.7639548 | Y42: =IF(X42>1,"Over Budget","OK") -> OK | AA42: CloudProject_40 | AB42: 45720.687
A43: PRJ100041 | F43: 636 | G43: 1315.45 | H43: 13 | I43: 10 | J43: 28.2 | K43: EU_West | L43: =IF(OR(K43="Europe-West",K43="EU_West",K43="eu-west"),"EU-West", IF(OR(K43="US_East",K43="us-east",K43="US-East"),"US-East","Other")) -> EU-West | Q43: 30 | R43: 42 | S43: 74.29 | T43: 57.73 | U43: 91.43 | V43: 1726.7148 | W43: 1368.8521 | X43: =W43/V43 -> 0.7927494 | Y43: =IF(X43>1,"Over Budget","OK") -> OK | AA43: CloudProject_41 | AB43: 45121.969
A44: PRJ100042 | F44: 511 | G44: 3425.38 | H44: 2 | I44: 5 | J44: 14.43 | K44: US_East | L44: =IF(OR(K44="Europe-West",K44="EU_West",K44="eu-west"),"EU-West", IF(OR(K44="US_East",K44="us-east",K44="US-East"),"US-East","Other")) -> US-East | Q44: 20 | R44: 46 | S44: 74.32 | T44: 71.9 | U44: 90.8 | V44: 4303.8695 | W44: 3290.0851 | X44: =W44/V44 -> 0.76444814 | Y44: =IF(X44>1,"Over Budget","OK") -> OK | AA44: CloudProject_42 | AB44: 45530.673
A45: PRJ100043 | F45: 750 | G45: 2615.39 | H45: 29 | I45: 25 | J45: 7.79 | K45: Europe-West | L45: =IF(OR(K45="Europe-West",K45="EU_West",K45="eu-west"),"EU-West", IF(OR(K45="US_East",K45="us-east",K45="US-East"),"US-East","Other")) -> EU-West | Q45: 30 | R45: 37 | S45: 89.91 | T45: 43.33 | U45: 96.54 | V45: 3312.5749 | W45: 2291.9192 | X45: =W45/V45 -> 0.6918845 | Y45: =IF(X45>1,"Over Budget","OK") -> OK | AA45: CloudProject_43 | AB45: 45058.856
A46: PRJ100044 | F46: 773 | G46: 1449.48 | H46: 30 | I46: 28 | J46: 2.53 | K46: US_East | L46: =IF(OR(K46="Europe-West",K46="EU_West",K46="eu-west"),"EU-West", IF(OR(K46="US_East",K46="us-east",K46="US-East"),"US-East","Other")) -> US-East | Q46: 40 | R46: 27 | S46: 100 | T46: 61.31 | U46: 91.51 | V46: 1795.9832 | W46: 1421.6025 | X46: =W46/V46 -> 0.79154552 | Y46: =IF(X46>1,"Over Budget","OK") -> OK | AA46: CloudProject_44 | AB46: 45734.626
A47: PRJ100045 | F47: 596 | G47: 1959.69 | H47: 0 | I47: 0 | J47: 24.94 | K47: us-east | L47: =IF(OR(K47="Europe-West",K47="EU_West",K47="eu-west"),"EU-West", IF(OR(K47="US_East",K47="us-east",K47="US-East"),"US-East","Other")) -> US-East | Q47: 10 | R47: 40 | S47: 53.89 | T47: 57.12 | U47: 83.66 | V47: 2619.8513 | W47: 2304.979 | X47: =W47/V47 -> 0.87981289 | Y47: =IF(X47>1,"Over Budget","OK") -> OK | AA47: CloudProject_45 | AB47: 45083.017
A48: PRJ100046 | F48: 200 | G48: 1745.18 | H48: 45 | I48: 45 | J48: 22.23 | K48: Europe-West | L48: =IF(OR(K48="Europe-West",K48="EU_West",K48="eu-west"),"EU-West", IF(OR(K48="US_East",K48="us-east",K48="US-East"),"US-East","Other")) -> EU-West | Q48: 30 | R48: 8 | S48: 30.24 | T48: 46.05 | U48: 87.27 | V48: 2244.2538 | W48: 1941.7641 | X48: =W48/V48 -> 0.86521591 | Y48: =IF(X48>1,"Over Budget","OK") -> OK | AA48: CloudProject_46 | AB48: 45777.774
A49: PRJ100047 | F49: 720 | G49: 1709.17 | H49: 13 | I49: 16 | J49: 23.09 | K49: eu-west | L49: =IF(OR(K49="Europe-West",K49="EU_West",K49="eu-west"),"EU-West", IF(OR(K49="US_East",K49="us-east",K49="US-East"),"US-East","Other")) -> EU-West | Q49: 0 | R49: 24 | S49: 62.08 | T49: 46.2 | U49: 93.72 | V49: 2552.6412 | W49: 1457.6563 | X49: =W49/V49 -> 0.57103848 | Y49: =IF(X49>1,"Over Budget","OK") -> OK | AA49: CloudProject_47 | AB49: 45079.631
A50: PRJ100048 | F50: 684 | G50: 1438.7 | H50: 35 | I50: 31 | J50: 33.52 | K50: eu-west | L50: =IF(OR(K50="Europe-West",K50="EU_West",K50="eu-west"),"EU-West", IF(OR(K50="US_East",K50="us-east",K50="US-East"),"US-East","Other")) -> EU-West | Q50: 10 | R50: 49 | S50: 55.88 | T50: 71.22 | U50: 80.89 | V50: 2032.7849 | W50: 1639.7898 | X50: =W50/V50 -> 0.80667161 | Y50: =IF(X50>1,"Over Budget","OK") -> OK | AA50: CloudProject_48 | AB50: 45725.377
A51: PRJ100049 | F51: 660 | G51: 2354.9 | H51: 45 | I51: 42 | J51: 21.22 | K51: US-East | L51: =IF(OR(K51="Europe-West",K51="EU_West",K51="eu-west"),"EU-West", IF(OR(K51="US_East",K51="us-east",K51="US-East"),"US-East","Other")) -> US-East | Q51: 10 | R51: 25 | S51: 82.62 | T51: 65.16 | U51: 82.94 | V51: 2666.5691 | W51: 2766.9515 | X51: =W51/V51 -> 1.0376448 | Y51: =IF(X51>1,"Over Budget","OK") -> Over Budget | AA51: CloudProject_49 | AB51: 45363.455
A52: PRJ100050 | F52: 58 | H52: 54 | I52: 51 | J52: 21.82 | K52: us-east | L52: =IF(OR(K52="Europe-West",K52="EU_West",K52="eu-west"),"EU-West", IF(OR(K52="US_East",K52="us-east",K52="US-East"),"US-East","Other")) -> US-East | Q52: 10 | R52: 44 | S52: 92.38 | T52: 69.48 | U52: 88.14 | V52: 3197.5305 | W52: 2136.849 | X52: =W52/V52 -> 0.66828105 | Y52: =IF(X52>1,"Over Budget","OK") -> OK | AA52: CloudProject_50 | AB52: 45238.797
A53: PRJ100051 | F53: 372 | G53: 2102.31 | H53: 35 | I53: 37 | J53: 8.82 | K53: US-East | L53: =IF(OR(K53="Europe-West",K53="EU_West",K53="eu-west"),"EU-West", IF(OR(K53="US_East",K53="us-east",K53="US-East"),"US-East","Other")) -> US-East | Q53: 20 | R53: 25 | S53: 82.23 | T53: 49.6 | U53: 94.63 | V53: 2327.5729 | W53: 1962.2286 | X53: =W53/V53 -> 0.84303638 | Y53: =IF(X53>1,"Over Budget","OK") -> OK | AA53: CloudProject_51 | AB53: 45193.517
A54: PRJ100052 | F54: 888 | G54: 3045.6 | H54: 42 | I54: 38 | J54: 32.99 | K54: US-East | L54: =IF(OR(K54="Europe-West",K54="EU_West",K54="eu-west"),"EU-West", IF(OR(K54="US_East",K54="us-east",K54="US-East"),"US-East","Other")) -> US-East | Q54: 30 | R54: 4 | S54: 65.29 | T54: 62.88 | U54: 88.92 | V54: 4236.9571 | W54: 2590.3558 | X54: =W54/V54 -> 0.61137173 | Y54: =IF(X54>1,"Over Budget","OK") -> OK | AA54: CloudProject_52 | AB54: 45866.816
A55: PRJ100053 | F55: 636 | G55: 1867.53 | H55: 42 | I55: 42 | J55: 18.69 | K55: EU_West | L55: =IF(OR(K55="Europe-West",K55="EU_West",K55="eu-west"),"EU-West", IF(OR(K55="US_East",K55="us-east",K55="US-East"),"US-East","Other")) -> EU-West | Q55: 20 | R55: 16 | S55: 80.98 | T55: 82.58 | U55: 92.3 | V55: 2005.3142 | W55: 1751.6984 | X55: =W55/V55 -> 0.87352816 | Y55: =IF(X55>1,"Over Budget","OK") -> OK | AA55: CloudProject_53 | AB55: 45924.587
A56: PRJ100054 | F56: 689 | G56: 6377.8181 | H56: 14 | I56: 15 | J56: 13.46 | K56: eu-west | L56: =IF(OR(K56="Europe-West",K56="EU_West",K56="eu-west"),"EU-West", IF(OR(K56="US_East",K56="us-east",K56="US-East"),"US-East","Other")) -> EU-West | Q56: 0 | R56: 25 | S56: 50.795941 | T56: 57.63 | U56: 90.02 | V56: 2069.2515 | W56: 1788.9727 | X56: =W56/V56 -> 0.86455068 | Y56: =IF(X56>1,"Over Budget","OK") -> OK | AA56: CloudProject_54 | AB56: 45695.535
A57: PRJ100055 | F57: 505 | G57: 1577.75 | H57: 37 | I57: 39 | J57: 21.66 | K57: Europe-West | L57: =IF(OR(K57="Europe-West",K57="EU_West",K57="eu-west"),"EU-West", IF(OR(K57="US_East",K57="us-east",K57="US-East"),"US-East","Other")) -> EU-West | Q57: 0 | R57: 25 | S57: 79.98 | T57: 60.5 | U57: 89.3 | V57: 2201.4395 | W57: 1433.957 | X57: =W57/V57 -> 0.65137246 | Y57: =IF(X57>1,"Over Budget","OK") -> OK | AA57: CloudProject_55 | AB57: 45185.51
A58: PRJ100056 | F58: 286 | G58: 1616.73 | H58: 88 | I58: 92 | J58: 36 | K58: EU_West | L58: =IF(OR(K58="Europe-West",K58="EU_West",K58="eu-west"),"EU-West", IF(OR(K58="US_East",K58="us-east",K58="US-East"),"US-East","Other")) -> EU-West | Q58: 10 | R58: 42 | S58: 78.27 | T58: 60.11 | U58: 86.73 | V58: 1843.1633 | W58: 1297.7977 | X58: =W58/V58 -> 0.70411432 | Y58: =IF(X58>1,"Over Budget","OK") -> OK | AA58: CloudProject_56 | AB58: 44930.146
A59: PRJ100057 | F59: 56 | G59: 2599.3 | H59: 43 | I59: 45 | J59: 37.08 | K59: us-east | L59: =IF(OR(K59="Europe-West",K59="EU_West",K59="eu-west"),"EU-West", IF(OR(K59="US_East",K59="us-east",K59="US-East"),"US-East","Other")) -> US-East | Q59: 10 | R59: 8 | S59: 68.27 | T59: 58.91 | U59: 94.2 | V59: 3687.2619 | W59: 2431.4316 | X59: =W59/V59 -> 0.65941388 | Y59: =IF(X59>1,"Over Budget","OK") -> OK | AA59: CloudProject_57 | AB59: 44968.49
A60: PRJ100058 | F60: 780 | G60: 2110.38 | H60: 54 | I60: 53 | J60: 12.24 | K60: us-east | L60: =IF(OR(K60="Europe-West",K60="EU_West",K60="eu-west"),"EU-West", IF(OR(K60="US_East",K60="us-east",K60="US-East"),"US-East","Other")) -> US-East | Q60: 0 | R60: 22 | S60: 51.72 | T60: 52.21 | U60: 83.73 | V60: 2790.0814 | W60: 2070.8518 | X60: =W60/V60 -> 0.74221912 | Y60: =IF(X60>1,"Over Budget","OK") -> OK | AA60: CloudProject_58 | AB60: 45536.156
A61: PRJ100059 | F61: 935 | G61: 1775.57 | H61: 54 | I61: 57 | J61: 29.4 | K61: Europe-West | L61: =IF(OR(K61="Europe-West",K61="EU_West",K61="eu-west"),"EU-West", IF(OR(K61="US_East",K61="us-east",K61="US-East"),"US-East","Other")) -> EU-West | Q61: 50 | R61: 23 | S61: 86.45 | T61: 60.44 | U61: 88.83 | V61: 2128.4844 | W61: 1822.6979 | X61: =W61/V61 -> 0.85633606 | Y61: =IF(X61>1,"Over Budget","OK") -> OK | AA61: CloudProject_59 | AB61: 45026.368
A62: PRJ100060 | F62: 225 | G62: 1689.05 | H62: 77 | I62: 80 | J62: 22.69 | K62: us-east | L62: =IF(OR(K62="Europe-West",K62="EU_West",K62="eu-west"),"EU-West", IF(OR(K62="US_East",K62="us-east",K62="US-East"),"US-East","Other")) -> US-East | Q62: 40 | R62: 40 | S62: 95.42 | T62: 76.28 | U62: 95.73 | V62: 2046.636 | W62: 1813.2459 | X62: =W62/V62 -> 0.88596405 | Y62: =IF(X62>1,"Over Budget","OK") -> OK | AA62: CloudProject_60 | AB62: 45928.673
A63: PRJ100061 | F63: 239 | G63: 8326.1909 | H63: 87 | I63: 90 | J63: 27.9 | K63: Europe-West | L63: =IF(OR(K63="Europe-West",K63="EU_West",K63="eu-west"),"EU-West", IF(OR(K63="US_East",K63="us-east",K63="US-East"),"US-East","Other")) -> EU-West | Q63: 30 | R63: 8 | S63: 16.833154 | T63: 59.5 | U63: 86.18 | V63: 3355.4978 | W63: 1891.5469 | X63: =W63/V63 -> 0.56371574 | Y63: =IF(X63>1,"Over Budget","OK") -> OK | AA63: CloudProject_61 | AB63: 45912.623
A64: PRJ100062 | F64: 648 | G64: 1486.77 | H64: 57 | I64: 54 | J64: 22.21 | K64: US-East | L64: =IF(OR(K64="Europe-West",K64="EU_West",K64="eu-west"),"EU-West", IF(OR(K64="US_East",K64="us-east",K64="US-East"),"US-East","Other")) -> US-East | Q64: 0 | R64: 9 | S64: 81.49 | T64: 72.21 | V64: 1648.6726 | W64: 1468.7812 | X64: =W64/V64 -> 0.89088717 | Y64: =IF(X64>1,"Over Budget","OK") -> OK | AA64: CloudProject_62 | AB64: 45133.296
A65: PRJ100063 | F65: 332 | G65: 1536.14 | H65: 56 | I65: 61 | J65: 24.92 | K65: EU_West | L65: =IF(OR(K65="Europe-West",K65="EU_West",K65="eu-west"),"EU-West", IF(OR(K65="US_East",K65="us-east",K65="US-East"),"US-East","Other")) -> EU-West | Q65: 10 | R65: 5 | S65: 57.97 | T65: 88.56 | U65: 79.42 | V65: 2068.691 | W65: 1392.58 | X65: =W65/V65 -> 0.67316965 | Y65: =IF(X65>1,"Over Budget","OK") -> OK | AA65: CloudProject_63 | AB65: 45350.631
A66: PRJ100064 | F66: 839 | G66: 2357.73 | H66: 55 | I66: 56 | J66: 30.57 | K66: us-east | L66: =IF(OR(K66="Europe-West",K66="EU_West",K66="eu-west"),"EU-West", IF(OR(K66="US_East",K66="us-east",K66="US-East"),"US-East","Other")) -> US-East | Q66: 10 | R66: 3 | S66: 77 | T66: 51.86 | U66: 93.33 | V66: 3191.5344 | W66: 2780.2065 | X66: =W66/V66 -> 0.87111909 | Y66: =IF(X66>1,"Over Budget","OK") -> OK | AA66: CloudProject_64 | AB66: 45703.685
A67: PRJ100065 | F67: 430 | G67: 2088.31 | H67: 1 | I67: -2 | J67: 6.01 | K67: Europe-West | L67: =IF(OR(K67="Europe-West",K67="EU_West",K67="eu-west"),"EU-West", IF(OR(K67="US_East",K67="us-east",K67="US-East"),"US-East","Other")) -> EU-West | Q67: 10 | R67: 0 | S67: 49.01 | T67: 65.4 | U67: 93.67 | V67: 3051.4905 | W67: 1971.2799 | X67: =W67/V67 -> 0.64600558 | Y67: =IF(X67>1,"Over Budget","OK") -> OK | AA67: CloudProject_65 | AB67: 45624.971
A68: PRJ100066 | F68: 234 | G68: 1578.84 | H68: 33 | I68: 32 | J68: 22.88 | K68: US-East | L68: =IF(OR(K68="Europe-West",K68="EU_West",K68="eu-west"),"EU-West", IF(OR(K68="US_East",K68="us-east",K68="US-East"),"US-East","Other")) -> US-East | Q68: 0 | R68: 5 | S68: 81.71 | T68: 48.36 | U68: 88.28 | V68: 2141.8261 | W68: 1326.3037 | X68: =W68/V68 -> 0.61923967 | Y68: =IF(X68>1,"Over Budget","OK") -> OK | AA68: CloudProject_66 | AB68: 45321.897
A69: PRJ100067 | F69: 671 | G69: 1981.79 | H69: 48 | I69: 53 | J69: 10.64 | K69: Europe-West | L69: =IF(OR(K69="Europe-West",K69="EU_West",K69="eu-west"),"EU-West", IF(OR(K69="US_East",K69="us-east",K69="US-East"),"US-East","Other")) -> EU-West | Q69: 10 | R69: 37 | S69: 76.41 | T69: 58.59 | U69: 83.64 | V69: 2560.9358 | W69: 1618.323 | X69: =W69/V69 -> 0.6319264 | Y69: =IF(X69>1,"Over Budget","OK") -> OK | AA69: CloudProject_67 | AB69: 45348.685
A70: PRJ100068 | F70: 296 | G70: 1616.96 | H70: 63 | I70: 65 | J70: 16.29 | K70: US_East | L70: =IF(OR(K70="Europe-West",K70="EU_West",K70="eu-west"),"EU-West", IF(OR(K70="US_East",K70="us-east",K70="US-East"),"US-East","Other")) -> US-East | Q70: 30 | R70: 28 | S70: 82.41 | T70: 84.95 | U70: 89.27 | V70: 2346.6314 | W70: 1465.2283 | X70: =W70/V70 -> 0.62439643 | Y70: =IF(X70>1,"Over Budget","OK") -> OK | AA70: CloudProject_68 | AB70: 45621.815
A71: PRJ100069 | F71: 55 | G71: 1964.01 | H71: 86 | I71: 86 | J71: 20.01 | K71: us-east | L71: =IF(OR(K71="Europe-West",K71="EU_West",K71="eu-west"),"EU-West", IF(OR(K71="US_East",K71="us-east",K71="US-East"),"US-East","Other")) -> US-East | Q71: 50 | R71: 43 | S71: 79.71 | T71: 66.47 | U71: 95.89 | V71: 2778.2218 | W71: 1711.7359 | X71: =W71/V71 -> 0.61612642 | Y71: =IF(X71>1,"Over Budget","OK") -> OK | AA71: CloudProject_69 | AB71: 45564.799
A72: PRJ100070 | F72: 981 | G72: 1909.78 | H72: 7 | I72: 8 | J72: 11.94 | K72: US_East | L72: =IF(OR(K72="Europe-West",K72="EU_West",K72="eu-west"),"EU-West", IF(OR(K72="US_East",K72="us-east",K72="US-East"),"US-East","Other")) -> US-East | Q72: 10 | R72: 2 | S72: 72.8 | T72: 63.06 | U72: 83.65 | V72: 2594.2227 | W72: 2024.2137 | X72: =W72/V72 -> 0.78027756 | Y72: =IF(X72>1,"Over Budget","OK") -> OK | AA72: CloudProject_70 | AB72: 44965.965
A73: PRJ100071 | F73: 822 | G73: 1746.19 | H73: 68 | I73: 72 | J73: 15.35 | K73: eu-west | L73: =IF(OR(K73="Europe-West",K73="EU_West",K73="eu-west"),"EU-West", IF(OR(K73="US_East",K73="us-east",K73="US-East"),"US-East","Other")) -> EU-West | Q73: 40 | R73: 44 | S73: 81.82 | T73: 48.17 | U73: 95.29 | V73: 1774.634 | W73: 1988.5378 | X73: =W73/V73 -> 1.120534 | Y73: =IF(X73>1,"Over Budget","OK") -> Over Budget | AA73: CloudProject_71 | AB73: 45606.902
A74: PRJ100072 | F74: 23 | G74: 1747.13 | H74: 57 | I74: 62 | J74: 8.79 | K74: US-East | L74: =IF(OR(K74="Europe-West",K74="EU_West",K74="eu-west"),"EU-West", IF(OR(K74="US_East",K74="us-east",K74="US-East"),"US-East","Other")) -> US-East | Q74: 50 | R74: 23 | S74: 63.31 | T74: 53.95 | U74: 81.52 | V74: 2073.4244 | W74: 1616.1363 | X74: =W74/V74 -> 0.77945273 | Y74: =IF(X74>1,"Over Budget","OK") -> OK | AA74: CloudProject_72 | AB74: 45346.661
A75: PRJ100073 | F75: 642 | G75: 1553.88 | H75: 92 | I75: 94 | J75: 15.25 | K75: US_East | L75: =IF(OR(K75="Europe-West",K75="EU_West",K75="eu-west"),"EU-West", IF(OR(K75="US_East",K75="us-east",K75="US-East"),"US-East","Other")) -> US-East | Q75: 10 | R75: 41 | S75: 78.63 | T75: 51.65 | U75: 84.32 | V75: 2044.8204 | W75: 1602.2314 | X75: =W75/V75 -> 0.78355608 | Y75: =IF(X75>1,"Over Budget","OK") -> OK | AA75: CloudProject_73 | AB75: 45734.171
A76: PRJ100074 | F76: 917 | G76: 1783.65 | H76: 42 | I76: 38 | J76: 24.09 | K76: US-East | L76: =IF(OR(K76="Europe-West",K76="EU_West",K76="eu-west"),"EU-West", IF(OR(K76="US_East",K76="us-east",K76="US-East"),"US-East","Other")) -> US-East | Q76: 20 | R76: 8 | S76: 61.71 | T76: 49.7 | U76: 90.55 | V76: 2249.4061 | W76: 1947.9636 | X76: =W76/V76 -> 0.86599019 | Y76: =IF(X76>1,"Over Budget","OK") -> OK | AA76: CloudProject_74 | AB76: 45573.399
... A84: PRJ100082 | F84: 126 | G84: 1448.33 | H84: 62 | I84: 62 | J84: 24.89 | K84: EU_West | L84: =IF(OR(K84="Europe-West",K84="EU_West",K84="eu-west"),"EU-West", IF(OR(K84="US_East",K84="us-east",K84="US-East"),"US-East","Other")) -> EU-West | Q84: 10 | R84: 44 | S84: 82.98 | T84: 61.09 | U84: 96.82 | V84: 1801.6164 | W84: 1604.2661 | X84: =W84/V84 -> 0.89045927 | Y84: =IF(X84>1,"Over Budget","OK") -> OK | AA84: CloudProject_82 | AB84: 45828.592
A85: PRJ100083 | F85: 952 | H85: 55 | I85: 51 | J85: 6.25 | K85: Europe-West | L85: =IF(OR(K85="Europe-West",K85="EU_West",K85="eu-west"),"EU-West", IF(OR(K85="US_East",K85="us-east",K85="US-East"),"US-East","Other")) -> EU-West | Q85: 10 | R85: 32 | S85: 70.69 | T85: 69.22 | U85: 94.65 | V85: 2125.5717 | W85: 1907.1413 | X85: =W85/V85 -> 0.89723689 | Y85: =IF(X85>1,"Over Budget","OK") -> OK | AA85: CloudProject_83 | AB85: 45779.605
A86: PRJ100084 | F86: 645 | G86: 2146.64 | H86: 36 | I86: 34 | J86: 39.31 | K86: US_East | L86: =IF(OR(K86="Europe-West",K86="EU_West",K86="eu-west"),"EU-West", IF(OR(K86="US_East",K86="us-east",K86="US-East"),"US-East","Other")) -> US-East | Q86: 10 | R86: 19 | S86: 50.66 | T86: 69.68 | U86: 93.06 | V86: 2272.1145 | W86: 2369.8623 | X86: =W86/V86 -> 1.0430206 | Y86: =IF(X86>1,"Over Budget","OK") -> Over Budget | AA86: CloudProject_84 | AB86: 45915.316
A87: PRJ100085 | F87: 575 | G87: 2620.9 | H87: 59 | I87: 58 | J87: 14.91 | K87: EU_West | L87: =IF(OR(K87="Europe-West",K87="EU_West",K87="eu-west"),"EU-West", IF(OR(K87="US_East",K87="us-east",K87="US-East"),"US-East","Other")) -> EU-West | Q87: 0 | R87: 33 | S87: 61.86 | T87: 61.53 | U87: 96.96 | V87: 3274.7979 | W87: 2318.0209 | X87: =W87/V87 -> 0.70783633 | Y87: =IF(X87>1,"Over Budget","OK") -> OK | AA87: CloudProject_85 | AB87: 45484.535
A88: PRJ100086 | F88: 448 | G88: 1726.07 | H88: 87 | I88: 92 | J88: 24.35 | K88: us-east | L88: =IF(OR(K88="Europe-West",K88="EU_West",K88="eu-west"),"EU-West", IF(OR(K88="US_East",K88="us-east",K88="US-East"),"US-East","Other")) -> US-East | Q88: 30 | R88: 2 | S88: 61.02 | T88: 61.52 | U88: 91.71 | V88: 2411.636 | W88: 2038.6255 | X88: =W88/V88 -> 0.84532884 | Y88: =IF(X88>1,"Over Budget","OK") -> OK | AA88: CloudProject_86 | AB88: 45535.363
A89: PRJ100087 | F89: 313 | G89: 1820.9 | H89: 50 | I89: 50 | J89: 27.41 | K89: EU_West | L89: =IF(OR(K89="Europe-West",K89="EU_West",K89="eu-west"),"EU-West", IF(OR(K89="US_East",K89="us-east",K89="US-East"),"US-East","Other")) -> EU-West | Q89: 0 | R89: 19 | S89: 75.99 | T89: 54.72 | U89: 89.9 | V89: 2415.2582 | W89: 2027.4683 | X89: =W89/V89 -> 0.83944166 | Y89: =IF(X89>1,"Over Budget","OK") -> OK | AA89: CloudProject_87 | AB89: 45201.506
A90: PRJ100088 | F90: 466 | G90: 1562.59 | H90: 28 | I90: 33 | J90: 20.81 | K90: US-East | L90: =IF(OR(K90="Europe-West",K90="EU_West",K90="eu-west"),"EU-West", IF(OR(K90="US_East",K90="us-east",K90="US-East"),"US-East","Other")) -> US-East | Q90: 0 | R90: 2 | S90: 66.86 | T90: 68.29 | U90: 93.63 | V90: 1743.9668 | W90: 1373.4868 | X90: =W90/V90 -> 0.78756479 | Y90: =IF(X90>1,"Over Budget","OK") -> OK | AA90: CloudProject_88 | AB90: 45626.912
A91: PRJ100089 | F91: 977 | G91: 1792.47 | H91: 98 | I91: 100 | J91: 31.09 | K91: us-east | L91: =IF(OR(K91="Europe-West",K91="EU_West",K91="eu-west"),"EU-West", IF(OR(K91="US_East",K91="us-east",K91="US-East"),"US-East","Other")) -> US-East | Q91: 20 | R91: 5 | S91: 83.61 | T91: 58.31 | U91: 92.39 | V91: 2183.8617 | W91: 1834.3774 | X91: =W91/V91 -> 0.83996956 | Y91: =IF(X91>1,"Over Budget","OK") -> OK | AA91: CloudProject_89 | AB91: 45074.213
A92: PRJ100090 | F92: 878 | G92: 1865.46 | H92: 8 | I92: 4 | J92: 35.96 | K92: US_East | L92: =IF(OR(K92="Europe-West",K92="EU_West",K92="eu-west"),"EU-West", IF(OR(K92="US_East",K92="us-east",K92="US-East"),"US-East","Other")) -> US-East | Q92: 30 | R92: 28 | S92: 52.08 | T92: 50.21 | U92: 94.43 | V92: 2663.159 | W92: 1576.7593 | X92: =W92/V92 -> 0.59206351 | Y92: =IF(X92>1,"Over Budget","OK") -> OK | AA92: CloudProject_90 | AB92: 45490.834
A93: PRJ100091 | F93: 280 | G93: 2119.5 | H93: 85 | I93: 88 | J93: 11.12 | K93: US_East | L93: =IF(OR(K93="Europe-West",K93="EU_West",K93="eu-west"),"EU-West", IF(OR(K93="US_East",K93="us-east",K93="US-East"),"US-East","Other")) -> US-East | Q93: 40 | R93: 38 | S93: 76.5 | T93: 50.55 | U93: 89.34 | V93: 2307.7708 | W93: 2002.0244 | X93: =W93/V93 -> 0.8675144 | Y93: =IF(X93>1,"Over Budget","OK") -> OK | AA93: CloudProject_91 | AB93: 45889.259
A94: PRJ100092 | F94: 720 | G94: 2302.47 | H94: 83 | I94: 82 | J94: 20.93 | K94: US-East | L94: =IF(OR(K94="Europe-West",K94="EU_West",K94="eu-west"),"EU-West", IF(OR(K94="US_East",K94="us-east",K94="US-East"),"US-East","Other")) -> US-East | Q94: 20 | R94: 42 | S94: 75.31 | T94: 59.6 | U94: 94.55 | V94: 2915.0198 | W94: 2449.4794 | X94: =W94/V94 -> 0.84029597 | Y94: =IF(X94>1,"Over Budget","OK") -> OK | AA94: CloudProject_92 | AB94: 45436.886
A95: PRJ100093 | F95: 225 | G95: 1487.94 | H95: 39 | I95: 43 | J95: 27.33 | K95: US_East | L95: =IF(OR(K95="Europe-West",K95="EU_West",K95="eu-west"),"EU-West", IF(OR(K95="US_East",K95="us-east",K95="US-East"),"US-East","Other")) -> US-East | Q95: 0 | R95: 30 | S95: 63.7 | T95: 50.55 | U95: 94.29 | V95: 1752.9656 | W95: 1386.8361 | X95: =W95/V95 -> 0.79113709 | Y95: =IF(X95>1,"Over Budget","OK") -> OK | AA95: CloudProject_93 | AB95: 45370.691
A96: PRJ100094 | F96: 122 | G96: 1677.23 | H96: 67 | I96: 69 | J96: 6.94 | K96: US-East | L96: =IF(OR(K96="Europe-West",K96="EU_West",K96="eu-west"),"EU-West", IF(OR(K96="US_East",K96="us-east",K96="US-East"),"US-East","Other")) -> US-East | Q96: 10 | R96: 38 | S96: 73.82 | T96: 87.2 | U96: 91.07 | V96: 1781.369 | W96: 1782.398 | X96: =W96/V96 -> 1.0005776 | Y96: =IF(X96>1,"Over Budget","OK") -> Over Budget | AA96: CloudProject_94 | AB96: 45533.961
A97: PRJ100095 | F97: 25 | G97: 2089.2 | H97: 42 | I97: 43 | J97: 28.51 | K97: US_East | L97: =IF(OR(K97="Europe-West",K97="EU_West",K97="eu-west"),"EU-West", IF(OR(K97="US_East",K97="us-east",K97="US-East"),"US-East","Other")) -> US-East | Q97: 40 | R97: 48 | S97: 69.45 | T97: 64.88 | U97: 86.25 | V97: 2141.3296 | W97: 1875.9173 | X97: =W97/V97 -> 0.87605256 | Y97: =IF(X97>1,"Over Budget","OK") -> OK | AA97: CloudProject_95 | AB97: 45500.887
... A183: PRJ100181 | F183: 229 | G183: 1768.09 | H183: 34 | I183: 38 | J183: 10.16 | K183: US_East | L183: =IF(OR(K183="Europe-West",K183="EU_West",K183="eu-west"),"EU-West", IF(OR(K183="US_East",K183="us-east",K183="US-East"),"US-East","Other")) -> US-East | Q183: 20 | R183: 16 | S183: 72.29 | T183: 52.56 | U183: 93.39 | V183: 2317.0343 | W183: 1734.5015 | X183: =W183/V183 -> 0.74858689 | Y183: =IF(X183>1,"Over Budget","OK") -> OK | AA183: CloudProject_181 | AB183: 45077.726
A184: PRJ100182 | F184: 88 | G184: 1610.34 | H184: 74 | I184: 72 | J184: 29.79 | K184: eu-west | L184: =IF(OR(K184="Europe-West",K184="EU_West",K184="eu-west"),"EU-West", IF(OR(K184="US_East",K184="us-east",K184="US-East"),"US-East","Other")) -> EU-West | Q184: 0 | R184: 43 | T184: 62.56 | U184: 88.35 | V184: 1953.3878 | W184: 1868.0031 | X184: =W184/V184 -> 0.95628894 | Y184: =IF(X184>1,"Over Budget","OK") -> OK | AA184: CloudProject_182 | AB184: 45121.636
A185: PRJ100183 | F185: 244 | G185: 1555.93 | H185: 51 | I185: 54 | J185: 18.95 | K185: US-East | L185: =IF(OR(K185="Europe-West",K185="EU_West",K185="eu-west"),"EU-West", IF(OR(K185="US_East",K185="us-east",K185="US-East"),"US-East","Other")) -> US-East | Q185: 0 | R185: 35 | S185: 62.89 | T185: 68.07 | U185: 93.52 | V185: 2247.8416 | W185: 1677.5467 | X185: =W185/V185 -> 0.74629221 | Y185: =IF(X185>1,"Over Budget","OK") -> OK | AA185: CloudProject_183 | AB185: 45015.598
A186: PRJ100184 | F186: 166 | H186: 32 | I186: 34 | J186: 23.36 | K186: EU_West | L186: =IF(OR(K186="Europe-West",K186="EU_West",K186="eu-west"),"EU-West", IF(OR(K186="US_East",K186="us-east",K186="US-East"),"US-East","Other")) -> EU-West | Q186: 30 | R186: 41 | S186: 78.59 | T186: 88.57 | U186: 85.97 | V186: 1717.2848 | W186: 1814.0665 | X186: =W186/V186 -> 1.0563574 | Y186: =IF(X186>1,"Over Budget","OK") -> Over Budget | AA186: CloudProject_184 | AB186: 45364.663
A187: PRJ100185 | F187: 336 | G187: 2063.31 | H187: 24 | I187: 26 | J187: 20.78 | K187: EU_West | L187: =IF(OR(K187="Europe-West",K187="EU_West",K187="eu-west"),"EU-West", IF(OR(K187="US_East",K187="us-east",K187="US-East"),"US-East","Other")) -> EU-West | Q187: 0 | R187: 17 | S187: 75.15 | T187: 56.6 | U187: 88.14 | V187: 2138.6958 | W187: 1737.2432 | X187: =W187/V187 -> 0.81229093 | Y187: =IF(X187>1,"Over Budget","OK") -> OK | AA187: CloudProject_185 | AB187: 45902.729
A188: PRJ100186 | F188: 123 | H188: 13 | I188: 12 | J188: 16.72 | K188: US_East | L188: =IF(OR(K188="Europe-West",K188="EU_West",K188="eu-west"),"EU-West", IF(OR(K188="US_East",K188="us-east",K188="US-East"),"US-East","Other")) -> US-East | Q188: 0 | R188: 18 | S188: 43.19 | T188: 67.72 | U188: 92.04 | V188: 3199.7616 | W188: 2017.3281 | X188: =W188/V188 -> 0.63046199 | Y188: =IF(X188>1,"Over Budget","OK") -> OK | AA188: CloudProject_186 | AB188: 45105.484
A189: PRJ100187 | F189: 811 | G189: 2007.6 | H189: 92 | I189: 90 | J189: 27.29 | K189: US-East | L189: =IF(OR(K189="Europe-West",K189="EU_West",K189="eu-west"),"EU-West", IF(OR(K189="US_East",K189="us-east",K189="US-East"),"US-East","Other")) -> US-East | Q189: 0 | R189: 6 | S189: 82.33 | T189: 55.55 | U189: 95.17 | V189: 2897.0178 | W189: 2387.9032 | X189: =W189/V189 -> 0.8242625 | Y189: =IF(X189>1,"Over Budget","OK") -> OK | AA189: CloudProject_187 | AB189: 45207.214
A190: PRJ100188 | F190: 617 | G190: 1310.27 | H190: 52 | I190: 49 | J190: 20.65 | K190: us-east | L190: =IF(OR(K190="Europe-West",K190="EU_West",K190="eu-west"),"EU-West", IF(OR(K190="US_East",K190="us-east",K190="US-East"),"US-East","Other")) -> US-East | Q190: 0 | R190: 29 | S190: 54.52 | T190: 67.56 | U190: 88.09 | V190: 1549.2233 | W190: 1090.2454 | X190: =W190/V190 -> 0.70373674 | Y190: =IF(X190>1,"Over Budget","OK") -> OK | AA190: CloudProject_188 | AB190: 45761.189
A191: PRJ100189 | F191: 651 | G191: 2050.47 | H191: 60 | I191: 65 | J191: 20.59 | K191: EU_West | L191: =IF(OR(K191="Europe-West",K191="EU_West",K191="eu-west"),"EU-West", IF(OR(K191="US_East",K191="us-east",K191="US-East"),"US-East","Other")) -> EU-West | Q191: 10 | R191: 11 | S191: 47.22 | T191: 73.02 | U191: 87.02 | V191: 2714.5263 | W191: 1957.1292 | X191: =W191/V191 -> 0.72098368 | Y191: =IF(X191>1,"Over Budget","OK") -> OK | AA191: CloudProject_189 | AB191: 45713.135
A192: PRJ100190 | F192: 931 | G192: 1689.01 | H192: 12 | I192: 17 | J192: 1 | K192: EU_West | L192: =IF(OR(K192="Europe-West",K192="EU_West",K192="eu-west"),"EU-West", IF(OR(K192="US_East",K192="us-east",K192="US-East"),"US-East","Other")) -> EU-West | Q192: 0 | R192: 10 | S192: 66.84 | T192: 61.29 | U192: 94.91 | V192: 1884.4391 | W192: 1790.3308 | X192: =W192/V192 -> 0.95006028 | Y192: =IF(X192>1,"Over Budget","OK") -> OK | AA192: CloudProject_190 | AB192: 45317.969
A193: PRJ100191 | F193: 630 | G193: 1561.85 | H193: 14 | I193: 13 | J193: 26.56 | K193: Europe-West | L193: =IF(OR(K193="Europe-West",K193="EU_West",K193="eu-west"),"EU-West", IF(OR(K193="US_East",K193="us-east",K193="US-East"),"US-East","Other")) -> EU-West | Q193: 20 | R193: 28 | S193: 100 | T193: 67.11 | U193: 93.06 | V193: 1997.9747 | W193: 1799.2866 | X193: =W193/V193 -> 0.90055526 | Y193: =IF(X193>1,"Over Budget","OK") -> OK | AA193: CloudProject_191 | AB193: 45060.175
A194: PRJ100192 | F194: 596 | G194: 1451.86 | H194: 54 | I194: 56 | J194: 18.64 | K194: us-east | L194: =IF(OR(K194="Europe-West",K194="EU_West",K194="eu-west"),"EU-West", IF(OR(K194="US_East",K194="us-east",K194="US-East"),"US-East","Other")) -> US-East | Q194: 10 | R194: 2 | S194: 65.14 | T194: 64.45 | U194: 90.74 | V194: 2023.016 | W194: 1309.3323 | X194: =W194/V194 -> 0.64721794 | Y194: =IF(X194>1,"Over Budget","OK") -> OK | AA194: CloudProject_192 | AB194: 45164.964
A195: PRJ100193 | F195: 994 | G195: 1561.12 | H195: 52 | I195: 48 | J195: 26.04 | K195: EU_West | L195: =IF(OR(K195="Europe-West",K195="EU_West",K195="eu-west"),"EU-West", IF(OR(K195="US_East",K195="us-east",K195="US-East"),"US-East","Other")) -> EU-West | Q195: 20 | R195: 33 | S195: 71.62 | T195: 60.11 | U195: 95.91 | V195: 2237.8902 | W195: 1267.0413 | X195: =W195/V195 -> 0.56617673 | Y195: =IF(X195>1,"Over Budget","OK") -> OK | AA195: CloudProject_193 | AB195: 45016.515
A196: PRJ100194 | F196: 284 | G196: 1569.75 | H196: 71 | I196: 69 | J196: 33.16 | K196: US_East | L196: =IF(OR(K196="Europe-West",K196="EU_West",K196="eu-west"),"EU-West", IF(OR(K196="US_East",K196="us-east",K196="US-East"),"US-East","Other")) -> US-East | Q196: 50 | R196: 33 | S196: 80.44 | T196: 55.73 | U196: 99.74 | V196: 1652.2554 | W196: 1583.116 | X196: =W196/V196 -> 0.95815453 | Y196: =IF(X196>1,"Over Budget","OK") -> OK | AA196: CloudProject_194 | AB196: 44992.68
A197: PRJ100195 | F197: 390 | G197: 1394.09 | H197: 46 | I197: 47 | J197: 26.59 | K197: us-east | L197: =IF(OR(K197="Europe-West",K197="EU_West",K197="eu-west"),"EU-West", IF(OR(K197="US_East",K197="us-east",K197="US-East"),"US-East","Other")) -> US-East | Q197: 0 | R197: 30 | S197: 57.09 | T197: 56.49 | U197: 91.83 | V197: 1642.4991 | W197: 1377.981 | X197: =W197/V197 -> 0.83895391 | Y197: =IF(X197>1,"Over Budget","OK") -> OK | AA197: CloudProject_195 | AB197: 45027.21
A198: PRJ100196 | F198: 29 | G198: 1570.03 | H198: 44 | I198: 49 | J198: 20.43 | K198: EU_West | L198: =IF(OR(K198="Europe-West",K198="EU_West",K198="eu-west"),"EU-West", IF(OR(K198="US_East",K198="us-east",K198="US-East"),"US-East","Other")) -> EU-West | Q198: 20 | R198: 21 | S198: 74.75 | T198: 46.77 | U198: 87.05 | V198: 2072.1605 | W198: 1448.7566 | X198: =W198/V198 -> 0.6991527 | Y198: =IF(X198>1,"Over Budget","OK") -> OK | AA198: CloudProject_196 | AB198: 45391.858
A199: PRJ100197 | F199: 682 | G199: 2180.81 | H199: 96 | I199: 100 | J199: 17.71 | K199: us-east | L199: =IF(OR(K199="Europe-West",K199="EU_West",K199="eu-west"),"EU-West", IF(OR(K199="US_East",K199="us-east",K199="US-East"),"US-East","Other")) -> US-East | Q199: 30 | R199: 1 | S199: 57.73 | T199: 70.38 | U199: 92.49 | V199: 2218.672 | W199: 2506.9714 | X199: =W199/V199 -> 1.1299423 | Y199: =IF(X199>1,"Over Budget","OK") -> Over Budget | AA199: CloudProject_197 | AB199: 45915.979
...

Sheet Visualisation

Sheet Data_Quality_Summary_Audit
A1: Dataset Overview | D1: Data Validity Checks
A3: Metric | B3: Result | D3: Check | E3: Result | F3: Status
A4: Total Rows (Excluding Header) | B4: 5000 | D4: Negative Usage_Cost | E4: =COUNTIF(Sheet1!G2:G5001,"<0") -> 0 | F4: =IF(E4=0,"No Issue","Issue Found") -> No Issue
A5: Duplicate Records | B5: 0 | D5: Negative Budget_Allocated | E5: =COUNTIF(Sheet1!U2:U5001,"<0") -> 0 | F5: No Issue
A6: Fully Empty Columns | B6: 9 | D6: Negative Budget_Consumed | E6: =COUNTIF(Sheet1!V2:V5001,"<0") -> 0 | F6: No Issue
A7: Partially Missing Columns | B7: 3 | D7: Reversed Start/End Dates | E7: =COUNTIF(Sheet1!M2:M5001,">"&Sheet1!N2:N5001) -> 0 | F7: No Issue
A8: Projects > 100% Budget | B8: 0.1 | D8: Budget_Consumed > Budget_Allocated | E8: 509 | F8: Over Budget Projects
A10: Missing Values Summary | D10: Descriptive Statistics
A12: Column | B12: Missing Count | C12: Status | D12: Metric | E12: Mean | F12: Median | G12: Min | H12: Max | I12: Std Dev
A13: Project_ID | B13: 0 | C13: No Missing | D13: Usage_Cost | E13: =AVERAGE(Sheet1!G2:G5001) -> 2033.955 | F13: =MEDIAN(Sheet1!G2:G5001) -> 1948.07 | G13: =MIN(Sheet1!G2:G5001) -> 1097.76 | H13: =MAX(Sheet1!G2:G5001) -> 13275.977 | I13: =_xlfn.STDEV.S(Sheet1!G2:G5001) -> 621.37684
A14: Environment | B14: 5000 | C14: Fully Empty | D14: Budget_Consumed | E14: =AVERAGE(Sheet1!W2:W5001) -> 2003.825 | F14: =MEDIAN(Sheet1!W2:W5001) -> 1936.6693 | G14: =MIN(Sheet1!W2:W5001) -> 917.76487 | H14: =MAX(Sheet1!W2:W5001) -> 5541.6626 | I14: =_xlfn.STDEV.P(Sheet1!W2:W5001) -> 501.9903
A15: Account_ID | B15: 5000 | C15: Fully Empty | D15: Budget_Utilization | E15: =AVERAGE(Sheet1!X2:X5001) -> 0.81280809 | F15: =MEDIAN(Sheet1!X2:X5001) -> 0.80344211 | G15: =MIN(Sheet1!X2:X5001) -> 0.54018179 | H15: =MAX(Sheet1!X2:X5001) -> 1.1889822 | I15: =_xlfn.STDEV.P(Sheet1!X2:X5001) -> 0.13423279
A16: Department | B16: 5000 | C16: Fully Empty | D16: Tagging_Completeness | E16: =AVERAGE(Sheet1!U2:U5001) -> 89.883321 | F16: =MEDIAN(Sheet1!U2:U5001) -> 89.975 | G16: =MIN(Sheet1!U2:U5001) -> 36.596753 | H16: =MAX(Sheet1!U2:U5001) -> 100 | I16: =_xlfn.STDEV.P(Sheet1!U2:U5001) -> 5.2029504
A17: Application | B17: 5000 | C17: Fully Empty | D17: Resource_Utilization_Percent | E17: =AVERAGE(Sheet1!S2:S5001) -> 69.690396 | F17: =MEDIAN(Sheet1!S2:S5001) -> 70.01 | G17: =MIN(Sheet1!S2:S5001) -> 16.833154 | H17: =MAX(Sheet1!S2:S5001) -> 100 | I17: =_xlfn.STDEV.S(Sheet1!S2:S5001) -> 14.891033
A18: Number_of_Servers | B18: 0 | C18: No Missing
A19: Usage_Cost | B19: 143 | C19: Partially Missing
A20: Incident_Tickets_Opened | B20: 0 | C20: No Missing | D20: Correlation Analysis
A21: Incident_Tickets_Closed | B21: 0 | C21: No Missing
A22: Avg_Resolution_Time_Hours | B22: 0 | C22: No Missing | D22: Metric 1 | E22: Metric 2 | F22: Correlation | G22: Interpretation
A23: Region | B23: 0 | C23: No Missing | D23: Usage_Cost | E23: Budget_Consumed | F23: =CORREL(Sheet1!G2:G5001, Sheet1!W2:W5001) -> 0.64027177 | G23: Moderate
A24: Cloud_Provider | B24: 5000 | C24: Fully Empty | D24: Budget_Consumed | E24: Budget_Utilization | F24: =CORREL(Sheet1!W2:W5001, Sheet1!X2:X5001) -> 0.31163018 | G24: Weak
A25: Project_Start_Date | B25: 5000 | C25: Fully Empty | D25: Usage_Cost | E25: Resource_Utilization_Percent | F25: =CORREL(Sheet1!G2:G5001, Sheet1!S2:S5001) -> -0.1123742 | G25: No meaningful relationship
A26: Project_End_Date | B26: 5000 | C26: Fully Empty | D26: Tagging_Completeness | E26: Resource_Utilization_Percent | F26: =CORREL(Sheet1!U2:U5001, Sheet1!S2:S5001) -> 0.040328763 | G26: Very Weak
A27: Compliance_Flag | B27: 5000 | C27: Fully Empty
A28: SLA_Breach_Count | B28: 0 | C28: No Missing
A29: Security_Alerts | B29: 0 | C29: No Missing
A30: Resource_Utilization_Percent | B30: 157 | C30: Partially Missing
A31: Reserved_Instance_Usage | B31: 0 | C31: No Missing
A32: Tagging_Completeness | B32: 136 | C32: Partially Missing
A33: Budget_Allocated | B33: 0 | C33: No Missing
A34: Budget_Consumed | B34: 0 | C34: No Missing
A35: Budget_Utilization | B35: 0 | C35: No Missing
A36: Over_Budget_Flag | B36: 0 | C36: No Missing
A37: Cost_Anomaly_Flag | B37: 5000 | C37: Fully Empty
A38: Project_Name | B38: 0 | C38: No Missing
A39: Date | B39: 0 | C39: No Missing
